name,community
imes,2
台积电,2
郭明池,1
英伟达,1
中国台湾地区,1
黄仁勋,1
CoWoS-L的产能,1
台南市,1
美国,0
李文仪,1
本·布兰查德,1
摩根士丹利,1
哈什·查uhan,85
《巴伦》,85
AMD,5
AI处理器市场的份额,5
投资者会议,1
布莱克威尔的产量,1
布莱克威尔GPU平台,1
Blackwell处,1
魏哲家,2
根士丹利,1
CoWoS产能,2
芯片封装产能,2
数据中心业务,1
特朗普政府,0
特朗普,4
ASML,5
CNBC,1
苹果,5
帕特·盖尔辛格,3
吉娜·雷蒙多,2
雷蒙多,2
本土晶圆生产能力,0
中国,0
台湾,4
限制先进芯片的出口,0
先进芯片的出口,0
贸易战,0
科莱特·克雷斯,0
AI芯片,8
郭明𫓹,1
台南,1
定价能力,2
毛利率,2
C.C. Wei,2
唐纳德·特朗普,4
布兰·伯克维茨,86
《神奇顾问》,86
对中国,4
丹·艾维斯,5
关税对苹果的影响,5
微软,11
AI竞赛,0
科尔莱特·克雷斯,8
阿斯麦,14
荷兰,0
埃隆·马斯克,10
xAI,1
英国,6
Avantek,6
芯片封装能力,2
Hopper芯片,1
季度业绩电话会议,1
摩根大通,1
乌克,2
英特尔,3
重组代工业务,3
乌克兰战争,2
GPU 市场,2
市场研究公司IDC,2
Blac,1
罗伯特·桑德斯,2
台积公司,7
克利夫·阿斯内斯,35
AQR资本管理公司,35
拜登政府,7
人工智能能力,7
限制向中国,7
Dan Ives,1
台湾区官员,4
人工智能数据中心,1
伊朗,8
俄罗斯,10
人工智能技术,4
朝鲜,8
《金融时报》,2
台湾政府,8
电价,8
美银美林,1
肯格里芬,87
Citadel的持股,87
供应链合作伙伴,29
Monolithic,29
半导体,6
布拉德·史密斯,11
AI军备竞赛,11
《亚洲尼日基亚报》,46
蔡崇信,46
台湾科技会议,46
新一代AI装置的发展,46
唐纳,4
唐纳德·特朗,4
特朗普总统,4
德国,29
《芯片与科学法》,0
微软公司（MSFT）,8
谷歌,5
Veo 2,5
德意志银行,6
人工智能需求,2
秦思瑞,2
台湾主,4
华为,0
路透社,3
Sophgo,3
标普全球市场情报公司,2
AI 芯片,6
詹嘉宏,2
CoWoS封装产能,2
多元化劳动力的价值,2
墨西哥,11
非台湾或中国籍的员工,2
网络攻击,6
910B,3
王涛,6
贝佐斯,0
《台北时报》,4
福布斯女士,9
日本,9
Coatsworth,2
魏松,1
中国企业,6
大卫·津斯纳,3
收购OctoAI,1
云主导地位,1
中美科技争端,0
彭博社,7
习近平,12
乔·拜登,7
CNN,12
中国领导人习近平,12
杰弗里·赛勒,2
莫瑞斯·昌,2
芯片公司,0
贝恩公司,47
芯片短缺,47
《芯片法案》,4
苹果公司(AAPL),4
科图管理公司,52
菲利普·拉丰,52
投资者,5
北京,12
本土芯片产业,12
针对华为的贸易限制,0
法新社,0
台北政府官员,6
《大众机械》杂志,53
Advance,53
Advan,53
亚马逊,11
市场环境,4
"博通
博通",88
云和安全服务,88
全球扩张计划,3
亚利桑那州,6
三工厂综合体,6
国内芯片制造,2
瑞克·卡斯迪,7
水回收项目,2
AI繁荣的势头,5
特朗普关税,4
国会,4
布拉姆·伯科维茨,2
巴伦周刊,2
iPhone,7
bark,5
拉巴里,1
卢克·拉巴里,1
《亚洲交易室,1
亚洲交易室,1
马克·卢什钦尼,1
三星电子,6
韩国芯片制造商,6
高通收购英特尔,2
垄断监管机构,0
富士康,1
制造业,0
国内制造业,0
《芯片与科学法案》,4
OpenAI,3
约翰·马奇,1
《巴伦周刊》,1
全自动驾驶（FSD）,0
特斯拉,10
马克·扎克伯格,11
Russ Mould,2
出口禁令,0
投资人,2
沃伦·巴菲特,5
市盈率,2
人工智能泡沫的形成,2
迈克·约翰逊,4
废除《芯片法案》,4
共和党,4
芯片制造能力,3
汤姆·唐,5
丹·埃维斯,4
Alphabet,0
AI训练,0
新政府,3
特斯拉的股价,0
工业用户,8
出口管制,0
民主党议员,0
台湾经济部,2
NVIDIA,8
AMD的增长,8
张忠谋,2
全球贸易全球化,2
中国基带芯片设计公司,8
中国客户,2
中东,8
三星,3
罗杰·达森,2
与TSMC,2
《芯片和科学法案》,4
Lucid CEO,3
产能,2
反垄断监管机构,1
博通收购高通,1
积电,6
台湾联发科,1
收购,1
巴克莱,9
AI支出,9
英伟,0
克里斯·马科丹,1
投资,1
销售减少风险,1
2025年的营收预期,1
欧洲,9
麦肯锡公司,2
杰弗里·塞勒,0
《神奇乌合之众》,0
苏珊·弗雷,0
德克萨斯仪器管理层,0
收益电话会议,0
人工智能(AI)泡沫,2
Jim·塞默,5
马来西亚沙捞越,4
特朗普总统当选,4
韩国,0
日立制作所,12
印度,12
德·特朗普,4
美联储,13
杰罗姆·鲍威尔,13
商务部,2
升腾910B,3
芯片生产基础设施,3
Brad Lin,2
郭丽特·克雷斯,1
Blackwell,1
晶圆厂,8
Uberti,89
Etched,89
花旗集团,2
克利夫·阿斯尼斯,35
民生证券,8
分享,7
毛利率和定价能力,2
与人工智能相关的芯片,2
张建中,1
深圳,2
对华业务,0
刘元潮,6
"摩尔线程

摩尔线程",0
东龙飞,6
摩尔线程科技,1
赵小光,2
CFO罗杰·达森,5
我,3
芯片供应,0
库尔·西弗斯,12
中美关系,12
新加坡,8
Vanguard,2
NXP,2
政府,0
对中国出口管控措施,0
寒武,0
对中出口管控措施,0
寒武纪,0
基辛格,3
建立晶圆厂业务,3
帕特·基辛格,3
台湾积体电路制造公司,8
Jim Cramer,5
NVDA,3
瓦德·萨夫奥,7
彭博,7
贝隆·马斯克,7
克莱夫·阿森斯,35
迈克尔·舒尔曼,1
布莱克韦尔的产量,3
马里奥·莫拉莱斯,1
汤森路,1
掩膜更换”,1
布莱克韦尔,1
电动汽车(EV),10
马来西亚,0
拜登,7
波士顿咨询公司,2
江敏严,90
芯片生产计划,90
先进芯片封装能力,2
国际贸易全球化,2
出口管控,0
程庭芳,5
Lauly Lith,2
AI服务器策略,5
约翰逊,28
FTX起诉币安,28
r Olcott,91
可穿戴AI竞赛,91
FTX,28
阿基托·田中,5
阿里巴巴,0
销售活动,0
克里斯·米勒,54
《芯片战争》,54
凯蒂·克里尔,5
币安,28
芯片开发商,0
全球制造足迹,9
扩产布莱克韦尔,1
科尔莱特·克雷,1
日本投资银行,92
三井住友,92
黑韦尔处理器的产量,1
第一任特朗普,93
将华为公司,93
昌,1
先进封装产能翻倍,2
人们,94
AI,94
约翰·巴里德尔,3
台湾积电,3
18A工艺节点,3
克里斯托弗·米姆斯,5
米姆斯,5
克里夫·阿斯尼斯,35
创新,2
M4 Max芯片,2
推出M4 Pro,5
延期,8
高盛科技会议,1
中国入侵台湾,1
关于人工智能泡沫,2
台湾政策制定者,95
川普政府,95
川普,2
卡西迪,7
HLTH会议,1
AI创新,1
马来西亚沙捞越州,0
中国汽车制造商,9
高端芯片短缺,47
杰里米·鲍曼,96
《摩根街专栏作家》,96
台湾积电首席执行官,97
下一代机器人,97
水回收措施,3
本土芯片制造,3
中国贸易,4
对中国贸易,4
中芯国际,0
出口限制,0
先进封装生产产能翻倍,2
台风康妮,2
唐,0
海斯,9
地缘政治紧张局势,9
塞思·海斯,9
凯莉·福布斯,98
建立“人工智能网格”,98
特斯拉的股价上涨,0
潜在AI泡沫破灭,1
杰富瑞公司,2
投资者电话会议,2
生产良率,8
Rene Haas,2
Arm,2
Cramer,5
AI基础设施投资,5
晶圆代工厂,3
客户,14
苹果公司,2
制造更快芯片的技术,2
华盛顿分析团队,4
安杰洛·津诺,0
莫顿森,1
主权AI的需求,8
所谓主权AI的需求,8
蒂德·莫顿森,1
全球征收关税,1
巴尔的摩,1
潜在中国入侵,1
目前装机基数为15亿,1
中国市场,2
M4 Pro,2
《彭博商业周刊》,4
台湾经济部长,4
美台关系,1
收入预测,1
CNA,2
英特尔管理层,55
设备投资,55
高通,3
1.6纳米芯片,2
1.6nm芯片,2
博通,3
其制造工艺,2
股东集团,33
代工业务,33
SK海力士,8
韩国SK海力士,1
池泰完,1
周一,8
人工智能峰会,1
《华尔街日报》,0
Intel,5
晶圆代工业务,5
中央通讯社（CNA）,2
人工智能芯片需求,8
卡斯迪,7
哈里斯,4
主席,0
卡玛拉·哈里斯,4
台湾最高金融监管机构,0
台湾市场,0
尹锡悦,4
Greg Noh,4
全球裁员,6
李民熙,4
海力士,4
吉姆·克莱默,5
张文松,99
高NA极紫外系统,99
克里สเต诺·安蒙,100
英特尔的收购谈判,100
合并,4
Sam Alt曼,3
加拿大出版商,3
下一代人工智能的发展,3
Alt曼,0
新计算基础设施,3
国家安全,7
阿联酋,12
Vivek Arya,3
波士顿咨询集团,4
全球竞争,0
彭博新闻社,1
侯永清,1
林文贤,0
迪士尼,6
高端芯片的短缺,47
《芯片法》,4
harles Shi,2
特朗普批评《芯片法》,7
蒂姆·库克,5
苹果AI,5
俄罗斯总统,10
苹果AI的发布,5
拉冯特,3
伯克希尔哈撒韦公司,5
本土科技产业,5
Cambricon,5
卢克·拉哈里,1
拉哈里,1
中国芯片制造商,9
马克·卢什金尼,1
科尔特·克雷斯,1
布拉德·林,2
库克,5
中国AI公司,2
苹果智能的发布,5
字节跳动有限公司,50
成本,50
Amkor,9
《日经亚洲》,9
《商业时报》,2
胡硕山,2
GTC会议,1
Kevin Wang,5
梅拉尼娅·特朗普,4
选举夜派对,4
当选总统,4
《摩利 fie》,11
唐纳德·特朗普总统,4
CFO黄文德,2
Harlan Sur,5
Broadcom,5
Cassidy,7
与Reliance,1
Wipro,1
中国可能入侵台湾,3
德国北约军事基地,10
安全危机,10
波兰,10
地缘政治不确定性,10
耐克,0
销量,0
巴菲特,101
达美乐比萨,101
埃利奥特·希尔,0
约翰·唐纳霍,0
比尔·阿克曼,0
承诺,14
总统选举,4
《彭博社》,0
白宫,1
中国销售额将下降,2
瑞克·卡西迪,7
华为技术有限公司,6
台湾积电公司,0
全球数据中心,11
Jensen,1
中国AI企业,0
台湾周边地区,2
前总统唐纳德·特朗普,7
詹森·霍尔,3
韩国公司,3
消费业务,3
克里斯托夫·福凯,14
先进芯片制造能力,2
美光科技（MU.O）,3
iel Kim,3
内存芯片需求,6
西方政府,0
台湾地区设施,0
降息,13
贝索斯,11
2纳米先进芯片生产,2
贸易管制,2
台湾经济部门,2
杰夫·贝索斯,1
Gary Black,10
台湾主导美,4
乔·罗根,4
竞选集会,4
《自由时报》,2
JW Kuo,4
特朗普再次当选总统,0
高银 Jung,8
李在镕,3
朴槿惠,3
公司,3
进口关税,4
全年收入预期,2
股价,0
人工智能芯片设计公司,1
赖清德,0
中台关系,0
台湾的芯片,4
国内芯片供应,7
《乔·罗根体验》,4
克里斯蒂安·克茨施,2
全年收入展望,2
金武焕,8
国内芯片制造业,0
布雷特·西蒙斯,2
苹果人工智能的发布,5
马斯克,10
格雷格·布罗克曼,10
山姆·奥特曼,10
安德鲁·费尔德曼,36
苏茨克弗,10
伊利亚·苏茨克弗,10
欧盟,4
台湾进行贸易,0
北京访问,0
Needham,5
新冠肺炎疫情,2
新冠疫情,2
吉恩·蒙斯特,2
3nm芯片,2
J.T.黄,8
崔敏秀,8
物联网芯片业务,2
宁德时代,56
电动续航里程,56
艾莉森·奥洛克,2
人工智能服务器,5
越南,9
网络研讨会,5
赵长鹏,28
插电式混合动力车市场,56
凯蒂·克雷尔,5
拉乌莉·里哈,2
中国芯片设计客户,2
转型计划,3
桑达尔·皮查伊,5
盖尔辛格,3
托西亚·哈里,14
TSMC,2
人工智能芯片交易,3
重组计划,3
Jeff Bezos,0
人工智能的到来,32
市值增长,32
人工智能（AI）,32
荷兰首相,6
中国公司,6
计划,1
国内制造能力,2
康迪台风,102
基础设施,102
台湾的能源挑战,2
能源转型,4
曼德普·辛格,1
辛格,1
布莱恩·克瑞斯坦奇,3
新芯片的产量,3
中国军方,4
向中国公司,0
哈兰·苏,3
Google,26
谷歌TPU项目,3
固定资产和设备投资,55
高通收购Intel,2
代工厂业务,2
台湾地缘政治风险,3
台湾稳定性,3
"路透社  
路透社",2
向中国,0
三星高层领导者,12
亚当·普森,4
彼得森国际经济研究所,4
美光科技交易员,103
杠铃牛熊ETF,103
鲍勃·斯旺,3
帕特·格尔辛格,3
布莱恩·科兹亚克,3
商务部执行这些管制,4
民主党,4
伦敦证券交易所,57
RNS,57
RNS新闻服务,57
《摩根街坊》,5
埃里克·施密特,1
Sugiyama,104
Edgecortix,104
安东尼·斯卡马乔,105
加密货币监管,105
亚洲初创公司,1
软银与英特尔的谈判,1
新墨西哥州,3
鲍威尔,4
贝森,0
亚当·波森,4
等待最终协议的公司,4
中国政府,0
复苏,0
芯片需求复苏,0
限制对华芯片技术销售,0
华纳参议员,7
参议员,7
乔·拜登总统,4
长能力,1
拉赫贝里,1
卢克·拉赫贝里,1
马克·卢什辛尼,1
西川隆志,106
台积公司第三座工厂,106
机器人技术,1
2纳米芯片生产,7
彼得·温宁克,18
《环球时报》,18
马吉华,2
ASML的IT故障,18
芯片生产设施,0
法官,10
韩国AFW合作伙伴,20
融资,20
三星证券,20
加利福尼亚圣克拉拉,0
人工智能开发途径,0
吉姆·凯勒,20
播客业务,6
限制措施,3
阿灵顿石桥集团,107
保罗·特里奥,107
Apple,1
统一台湾”,12
人工智能芯片,0
Kazuo Ueda,108
周加息,108
关税和税制政策,0
经济增长,6
以色列,8
加沙地带,8
安库尔·班纳吉,13
通胀,13
美元,4
税制政策,0
企业,18
克里斯托弗·丹尼尔,3
爱尔兰,3
克里斯托夫·福奎特,0
Adam Posen,4
黄 CEO,1
英特尔18A工艺,109
服务器CPU业务,109
芯片需求的普及,5
马继华,2
彼得·温南克,18
先进芯片生产设施,4
CES科技大会,1
马尔克·华纳,4
耗时过长,3
克雷格·巴瑞特,110
盛顿,110
反垄断调查,7
生成式AI业务,1
施耐德,1
威廉·施耐德,1
CES 2025,1
百度,2
芯片业务,4
先进芯片设施,0
Adobe,4
AI营销初创公司,4
苹果公,2
苹果公司AA,0
对人工智能芯片需求,2
台湾央行,0
台积公司(TSMC),0
杨金龙,0
贸易惩罚,0
管理层,33
彼得·温尼克,18
陈俊哲,7
贸易全球化,7
违反禁令,3
高通公司,3
帕特·盖辛格,3
盖辛格,3
即将离任的政府,0
第一个特朗普政府,1
詹森·黄,10
新自传,3
辞职,5
赫伯特·盖尔辛格,5
大卫·金斯纳,5
芯片制造补贴,4
这一情况,0
乔·拉戈,4
CHIPS法案,4
废除CHIPS法案,4
美商务部,6
芯片法案”,4
汪阳,4
《第一财经》,4
海外企业,4
荷兰ASML公司,48
EUV光刻机,48
中芯国际（SMIC）,111
麒麟芯片,111
俄勒冈州,5
高NA EUV光刻机,5
史蒂芬·施瓦茨曼,1
收入购物者的财务状况,0
美联社,112
崔孝斯,112
就业市场,0
伊莱恩·库尔滕巴赫,113
GE航,113
特朗普连任,0
特朗普赢得选举,6
阳丙长,0
《乔·罗根播客》,4
新关税,4
阿斯麦发布,0
泰勒城工厂,3
该计划,4
吴政隆,7
亚利桑那工厂,2
德克萨斯州的设施,6
欧洲计划,7
阿斯麦的新技术,3
收购谈判,3
英特尔董事会,3
他的领导能力,3
现有控制的有效性,0
约翰·穆伦纳尔,2
华盛顿,12
马克·华纳,7
华纳,3
两家芯片开发商,3
前英特尔高管,5
林宝珠,5
Tan的离职,24
劳动力过剩,24
股东,5
Tan·林宝珠,24
安迪·格罗夫,3
晶圆生产能力,4
汉斯·莫泽曼,3
李·布·谭,3
弗兰克·耶瑞,3
彭博新闻,3
特朗普的言论,4
黄伟伦,2
AI加速器芯片,3
18A,3
“四年五节点”的计划,3
限制芯片技术销售,12
波森,4
谷歌中国,40
模型,40
中国人工智能公司,2
李开烽,40
01.ai,40
腾讯,58
李,0
百度（BIDU）,114
AI模型的成本,114
《经济日报》,2
摩根,2
第三方晶圆代工业务,3
特斯拉股价上涨,0
Nvidia,1
成本削减计划,3
雅虎财经,1
《开标》,3
苹果iPhone,7
中国人工智能企业,2
人工智能模型的成本,2
李开夫,0
AM,5
出口规则,0
UDN.com,8
高端芯片,0
深鉴科技,115
与华为有任何业务往来,115
Chang,7
吴部长,2
吴成文,2
Hindenburg,0
Supermicro,0
GPU业务,1
联发科,3
麦肯锡&公司,116
生成式人工智能,116
先进芯片制造,6
算能科技,2
日本传媒,2
日媒,2
Pfizer,4
知名芯片制造商,5
陈崇熙,7
全球扩张,7
第三座晶圆厂,2
芯片,5
Windsor,3
收购英特尔,3
英特尔的x86处理器,3
肯·格里芬,8
绿色能源和AI项目,4
台湾科技部,117
反对党,117
2纳米生产规模,7
台湾的飞机作战能力,0
2纳米工艺,2
工程师,0
出口管制规定,0
2025,3
北京政府,0
出口管制措施,0
超微电脑,1
阿姆科,9
晶圆封装和测试设施,9
苹果投资者,2
他领导能力,3
杰夫·金,3
台湾的地缘政治风险,3
RAJA,4
以色列的安全,4
KAILEY,4
关税,4
斯塔西·拉松,1
由英特尔,1
经济衰退,3
朱凤莲,0
中国台湾事务办公室,0
中国官方,0
台湾企业,0
芯片制裁,0
Elon Musk,10
AI 成本,50
Y.J. Mi,3
李正培,27
人工智能,27
胡克明,6
TSIA,6
秋部长,2
J.W. 秋,2
埃德·耶伦,118
盈利增长和盈利能力,118
产量,1
詹姆斯,8
晨星工程,8
辉瑞,8
弹吉他,8
托先生詹姆斯,8
黄总理,8
谢先生本杰明,8
黄凯伦,119
GPU本地化,119
高通与英特尔的谈判,3
大卫·舍帕登,7
拨款发放进度,7
格罗方德,7
卡伦·弗莱菲尔德,7
亚历山德拉·阿尔珀,6
货币政策周期,13
杰姆·凯勒,1
初创公司,1
Bloomberg,2
联邦政府,3
林·胡·谭,3
埃里森,1
克里斯托夫·福克特,0
东京电子,7
其2纳米技术的研发,7
集成扇出（InFO）,7
林次郎,4
苏贞昌,4
玛丽·特朗普,239
氯胺酮疗法,239
郭耀辉,3
极紫外光刻设备,6
停工,0
码头工人,10
罢工,10
苹果公司（AAPL）,4
台湾积电（TSM）,4
盖尔辛格的离职,3
道琼斯工业平均指数,1
特斯拉公司,1
Keller,1
加利福尼亚州圣克拉拉,20
人工智能开发路径,20
出口管制对中国,4
ASML发布,6
ogies),6
中国芯片发展,6
散户投资者,2
C轮融资,0
加利福尼亚州圣何塞,120
Recogni,120
三哩岛核电厂,11
民进党政府,9
《华盛顿邮报》,1
卓荣泰,9
福岛核电厂,9
安全,4
中国大陆,9
芯片厂电力需求,9
台湾民众,9
日本发生地震,9
民进党,9
关闭最后一个核电厂,4
核电,9
“芯片激励计划”,0
吴正文,2
阿罗亚,5
苹果（Apple）,2
谷歌出售Chrome,0
阿姆斯控股有限公司,3
美光科技公司（MU）,15
AI投资,15
丽莎·苏,11
康里台风,4
先进芯片,2
能源格局,4
代工厂,6
中企出口限制,0
中企,0
芯片初创公司,0
台湾的贸易,0
《亚洲尼基日报》,2
萧宪生,121
贝宾卡,121
台湾预报员,122
台风迦美,122
生成AI工具,1
信息技术产业协会,1
新拜登政府的规定,1
前特朗普政府,1
科技行业协会,1
新拜登政府,1
一些员工,2
《科创板日报》,2
《商业韩国》,2
新规遏制中国AI雄心,7
乔赛·纳西罗,123
其服务,123
实施广泛的进口关税,0
NJOY,0
Lisa Sube,5
Sube,5
AMD公司(AMD),5
关于台湾稳定性的言论,3
三星催化剂基金,124
Eliyan公司,124
《路透社》,59
Lucid首席执行官,59
安全性,2
沈启明,2
通过CHIPS法案,0
微软薪酬委员会,11
纳德拉,11
史蒂夫·鲍尔默,11
伯克希尔·哈撒韦,4
黄文达,2
抛售自家,10
布莱克威尔,1
《芯片法案》等政策,4
国内外扩张,7
丹·埃夫斯,1
勒布朗,1
中国网络安全协会,3
詹森·霍黄,1
杰恩·门斯特,4
对英特尔,3
搜索引擎巨头,4
芯片发布,1
中美贸易,3
Cerebras,36
加利福尼亚州桑尼韦尔,36
伊格尔金斯基,1
潜在的未来基金,1
Direxion,1
《侏罗纪公园》,4
美光科技有限公司,23
"耐克

特朗普",23
三星电子有限公司,23
交易,132
艾司摩尔,7
加州监管机构,10
监管者,10
SpaceX,10
新加密货币项目,4
新加密货币项目在发布,4
芯片生产,0
哈里斯副总统,2
拜登总统,7
芯片工厂,6
《财富》杂志,3
特朗普过渡团队,0
布雷特·西蒙普,2
陈永正,125
亚利桑那州晶圆厂,125
约翰·温,1
乌尔苏拉·冯德莱恩,9
新芯片工厂,9
恩智浦,6
ESMC,6
本地供应链,9
实施关税,4
乔·拜登政府,0
Hindenbur,0
瑞安·德特里克,3
《纽约时报》,7
谷歌和Meta等客户,1
Meta等客户,1
PC处理器市场,3
台湾积电（TSMC）,3
唐纳德・特朗普,0
帕特・基辛格,3
盈利能力,11
庄子寿,126
《TT》杂志,126
中国电动汽车价格战,0
汽车利润,0
2纳米生产产能,2
《CHIPS法案》,2
格尔辛格,3
大卫,3
格尔辛格的永久继任者,3
MJ,3
台湾央行行长,2
萨蒂亚·纳德拉,11
《亚洲尼基尼科》,4
埃吉金斯基,1
对墨西哥,11
埃迪·埃吉金斯基,1
AI技能培训计划,11
数字营销,11
AI热潮的势头,5
德拉瓦州法院,127
批准（2018 年）,127
汽车制造商,10
关于台湾稳定性,3
关于台湾稳定性的评论,3
林·布·坦,3
英特尔总裁,2
基辛格）,2
Arya,1
丹·艾夫斯,128
詹森·霍尔恩,128
台湾官员,8
关于AI泡沫的担忧,2
关于AI泡沫,2
俄亥俄州,3
谭,24
制造困境英特尔,5
游戏市场,1
ASML展望下调,6
里克·沙弗,1
AMD的AI活动,1
关于台湾地缘政治风险,3
台湾的技术保护法规,4
台积公司（TSMC）,0
中媒,2
中国媒体,2
中国台湾对峙,4
消防部门,60
Kaohsiung,60
陈菊,60
Huang,10
股票,4
限制中国芯片出口,7
山姆·阿尔特曼,36
加利福尼亚州桑尼维尔,36
卓以和,7
巴伦扎,2
Mac 用芯片的生产,0
蒂姆·格尔辛格,3
克里斯·麦克唐纳,1
华为创始人,0
郭建宏,2
软银,3
标普500指数,26
Hock Tan,129
AI服务,129
《信息》杂志,8
摩根士丹利团队,3
应用材料,3
John Vinh,1
研究机构,0
2纳米芯片,8
GAAFET架构竞赛,3
InFO收入,2
《信息时报》,0
三星代工厂,8
全球芯片产量,12
穆巴达拉,12
芯片生产商的盈利能力,12
阿布扎比,12
韩国三星电子,12
《华尔街日报》的报道,6
特朗,4
皮特森国际经济研究所,4
《芯片科学法案》,4
林·布·Tan,24
Tan,24
裁员人数,5
弗兰克·耶里,130
凯恩·坎恩,130
李伯图·坦因,131
盖尔辛,131
阿姆斯控股公司,3
三星HBM采购量,2
日本自民党,2
石破茂,2
许多人,2
美光科技,7
朗普,0
《商业周刊》,0
卡马拉·哈里斯,4
副总统哈里斯,4
人工智能竞赛,4
前总统特朗普,4
萨克斯,1
纳文·吉尔沙卡尔,61
《芯片2.0》,61
利润率,61
人工智能和量子计算,4
当地立法者,2
唐永年,2
新工厂计划,2
克里斯·卡索,3
戴维·津斯纳,3
英特尔的工厂网络,3
威尔森研究公司,3
英特尔的动荡,3
共和党同事,4
朱延民,3
ARK Invest,10
凯西·伍德,10
欧盟反垄断监管机构,132
高通与英特尔的会谈,3
克里斯坦诺·安蒙,3
中国一家政府,133
智库,133
Nvidia 高管,10
林·布鲁·谭,3
会谈,9
鲍勃·斯万,134
生成式AI模型,134
该公司,29
巴伦齐亚,3
丹·伊维斯,1
美中贸易战,3
弗兰克·叶瑞,135
帕特,135
俄勒冈州波特兰,136
英特尔代工服务,136
霍华德·马克斯,7
汉斯·莫塞曼,1
AI功能,5
大卫·B·约菲,0
詹姆斯·普拉默,0
VMware,3
查琳·巴尔舍夫斯基,0
莎拉·弗里,3
杰夫·贝佐斯,1
大卫·迈耶贝佐斯,1
加尔曼,0
人工智能芯片制造商,1
扎克伯格,1
“Delete A”,12
德国德累斯顿,6
IDM 2.0战略,3
亚太地区,6
台湾芯片制造商,2
比尔·麦克德莫特,8
该平台,8
芯片实施出口限制,0
阿里及百度,2
日本央行,13
利率,13
詹森·霍 (,1
拉里·埃伦斯,15
人工智能霸权之战,15
艾略特,16
计算机编程,16
AI“泡沫”,16
AI应用程序,16
一轮降息周期,13
人工智能交易,5
裴利希·李,7
台积公司扩大限制,7
总统大选,4
里克·斯科特,84
英特尔的裁员计划,84
高盛,0
杰米·戴蒙,1
宽松货币政策展望,13
洛杉矶,6
达美航空股价上涨,6
新的出口管制,0
达美航空,6
裁员,3
全面复苏计划,3
特朗普贸易政策,0
贸易关系,4
赫尔德·范德林德,62
台湾的高估值,62
香港股市,0
汇丰银行,137
这一势头,137
央行,5
他乐,3
弗兰克·叶里,3
卡伦·卡恩,3
美光,1
桑杰·梅赫罗特拉,1
泰勒市工厂,3
信徒,27
新一轮出口管制,0
习近平主席,12
英特尔的代工厂,3
人工智能资本支出,1
荷兰韦尔德霍芬,138
测试实验室,138
泰勒·斯威夫特,1
US,4
定制AI加速器,5
升腾 910C,0
NVDAs,0
Nvidia目标价,0
联想,41
AI Now,41
台湾外交部,0
法比安·志中·吴,4
联合国,139
北京对台湾,139
吴志中,0
加拿大,3
中国入侵,7
加拿大众议院,140
否决了中国政府,140
比尔·盖茨,141
推出了Windows,141
台湾中央银行,0
求职者,6
华硕,6
国泰世华,6
群联,6
台达电,6
国泰金控,6
AI 发展,6
金融科技,6
ESG 管理师,6
TSMC芯片,0
中国电信,0
道琼,1
平台,8
麦克德莫特,8
芯片限制提案,7
联邦《芯片与科学法,4
人工智能技术禁运,7
外国企业,4
罗斯,0
Rain AI,1
阿特曼,1
《 CNBC》,10
中方,0
外国加密货币交易所,9
客户保护措施,9
新任印尼总统,5
上汽集团,63
泰国,63
陈廷芳,5
中国军事能力,0
印度尼西亚,5
黄伟成,2
科塔资本管理公司,52
格尔辛格尔,3
莫里斯·昌,3
英特尔CEO最近离职,2
库尔潘,64
S9处理器封装,64
蒂姆·库尔潘,64
恩菲姆,58
昆仑芯片,2
获取外国芯片的渠道,0
裴利克·李,7
SCMP,7
台积公司(TSM),0
HSBC,62
经济,0
日本股市,5
人工智能(AI)能力,41
联想集团,41
人工智能叙事,1
《日经》,0
中国的芯片技术,0
500K MI30,1
500K MI,1
中国企业云服务提供商,142
传统服务器需求,142
斯科特·贝森特,0
通胀压力,4
富国银行,0
内田康夫,13
市场情绪,0
税收政策,4
关税和税收政策,4
阳基龙,0
科泰管理公司,1
克雷格·伯曼,143
可靠,143
新路透社,144
英特尔复兴,144
伯曼,11
联合国气候变化大会,11
派拉蒙,15
"安
埃隆·马斯克",11
AI 组织,10
野村投信,65
台湾 AI 供应链,65
台股企业获利,65
谢文雄,37
台湾总经走向,37
台股出口,37
TrendForce,145
台湾电子代工业,145
台湾经济基本面,37
川普政策的不确定性,37
拉森戈,3
伯恩斯坦研究公司,6
斯塔西·拉森戈,6
个人电脑市场,3
杰森·黄,8
AI技术,2
藤原忠弘,9
Rapidus,9
日本政府,9
日本企业,9
日美关系,9
苹果更新,1
内部芯片计划,5
彼得·托德,3
Satoshi,3
Jenn Bryce,27
"人工智能
数千",27
HBO,3
贸易集团,146
版权作品,146
安德森森·霍洛维茨,147
创造力,147
Kali Hays,0
《苯津加》,5
中非合作论坛峰会,12
林 Brad,2
日本集团,8
软银集团,8
实现“统一”,12
圣何塞,148
三星代工厂论坛,148
孙正义,38
收购英国ARM,38
Kuo,2
价格上涨,1
人工智能生态系统,1
卡依-福·李,1
创新工场,1
埃迪松·李,4
布劳登曼,4
政府机构,10
罗伯特·梅尔,0
商品价格上涨,0
芯片法案,4
维杰克·拉马斯瓦米,10
“政府效率部门”,10
布赖斯·希尔,4
管理芯片法案,10
库马尔,1
哈什·库马尔,1
布莱恩·库茨,1
派珀·萨兰德,1
台湾积体电路,9
联邦公开市场委员会,42
杰夫·施密德,42
波士顿联邦储备银行,42
苏珊·柯林斯,42
字节跳动,3
Philip Lee,7
中国芯片公司,2
《巴伦,2
芯片设施,0
李·伯·谭,24
Roblox,1
市场需求,2
华为产品,0
德恩,1
货币供应量,1
哈利·德恩,1
华尔街投资者,32
科莱特·克雷西,1
AI-GPU,1
内部竞争,1
唐纳德特朗普,149
收购高通,149
英飞凌技术,6
罗伯特博世,6
彭博智能公司,2
生成型AI市场,2
《摩根街愚人》,11
工业和信息化部,150
中国导弹库存,150
中国监管机构,18
太平洋海底互联网电缆,0
中美紧张局势,18
降低联邦基金利率,13
沙特阿拉伯,7
Phelix Lee,2
中国大陆芯片设计产业,2
台湾积电的更新,2
第三方芯片制造业务,3
拜登-哈里斯政府,4
特朗普于1月宣誓就职,3
数据中心,2
岛谷正春,6
Kyushu大学,6
《日本时报》,4
微芯片技术的创新,6
AI营销创业公司,4
富邦金董事长蔡明兴,151
川普 2.0 时代,151
AI 晶片需求,2
上海航交所,152
欧洲线跌幅,152
《 B,2
先进制造业,7
库普蒂诺公司,66
M5 系列处理器,66
散热性能,66
Harlan Su,153
与AMD的合作,153
沙弗,1
奇𬭎科技,154
液体冷却需求,154
影响,1
迪拜道路和运输管理局,67
赫拉希德,67
节能LED照明,67
Palantir,0
取消电动汽车补贴,10
朱金·波普（特斯拉）,7
维韦克·拉马斯瓦米,10
政府外委员会,10
政府效率,10
特斯拉的政策,10
伯克希尔·哈撒韦集团,5
Mark Liu,0
禁令,9
扩大禁令,9
选举胜利,4
AI系统运行,1
fortunes,7
高通公司(QCOM),1
公司的强劲财务状况,3
印度孟买,1
摇滚明星,1
加拿大新闻出版商,3
魏知效,2
公司的发展机会,11
雷军,7
小米,34
发布时间表延迟,8
克里斯托夫·福克,14
稀土出口禁令,0
稀土矿物禁令,2
唐纳德·特朗普政府,0
限制人工智能芯片出口,0
合作伙伴关系,11
Pegasus计划,11
《wired》,155
通货膨胀,155
霍德,11
贾西,11
Q1电话会议,11
亚马逊的Q3电话会议,11
安迪·贾西,1
英特尔的PC设计部门,3
克里斯坦·安蒙,156
英特尔的谈判,156
鲍勃·奥唐奈尔,3
智能手机市场,7
吴宗文,7
AI革命,8
马可·鲁比奥,0
鲁比奥,0
迈克·瓦尔兹,0
美日联盟,0
CPU禁令,0
岸田文雄,6
日本等亚洲国家,4
佛罗里达州共和党,0
ASML控股公司,6
台积,0
史蒂夫·乔布斯,10
XAI,10
Siri的AI改革,10
国内税收收入,0
拜登-哈里斯,4
对国内科技研究的投资,4
鹿儿岛,9
JASM工厂,9
Katsuya,157
细川忠政,157
用水需求,9
鹿儿岛市,9
地下水条件,9
杉田,9
自然资源的局限性,9
鹿儿岛城,9
鹿儿岛县两次大地震,9
鹿儿岛县,9
本国芯片制造业,9
JASM,2
九州金融集团,9
财报电话会议,1
提高墨西哥关税,2
墨西哥关税,2
不对市场传言,7
纽约,12
其EUV产能,2
AI计算,59
Gelsinger,3
英特尔代工业务,3
产量率报告,3
总统竞选胜利,4
总统竞选,4
贾森·黄,10
CUDA编程模型,1
《摩根俱乐部》,68
安谋,68
数据中心运营商,1
安东尼·迪皮乔兹,68
乔尼·伊夫,2
随机投资策略,2
收购英国Arm,38
基础设施和平台服务,0
人工智能对创意产业,1
Fugatto,1
创意产业,1
AI模型,0
Meta,5
AI和CPU的禁令,0
迈克·沃尔茨,0
石原茂次郎,2
恩焰科技,58
外国芯片的获取,0
Vaneck ETF,2
国内芯片制造能力计划,0
运营商,1
得克萨斯州,158
Vistra,158
中国的军事能力,1
经济部发言人,6
德国政府,6
马格德堡计划,3
奥莎·王,3
太阳能产业,12
国内芯片生产,0
柳翰刚,159
《芯战》,159
赖清德政府,0
股市抛售,0
芯片出口,0
对AI和CPU的禁令,0
迈克·瓦尔茨,0
《时报》,160
日本首相石破茂,160
印度电信业者,161
康全,161
中华队夺冠,49
「800G ZR」,49
普京,162
俄乌战争,162
徐照兴,49
徐老师,49
思普戈,3
打车服务,38
联邦《芯片法案》,4
AI 专用GPU,8
生产,0
纳斯达克股票交易所,69
退市,69
信息可靠性,69
Supermi,1
华盛顿红皮人队,4
石原伸晃,7
日本首相石原伸晃,4
CUDA 编程模型,1
亚利桑那项目,0
AI-GPUs,1
工人,6
没有这项法律，审查,6
德克萨斯州,3
社区,6
环保主义者,163
这些工厂,163
塞拉俱乐部,6
亚利桑那州钱德勒,6
AI的投资支出,11
AVGO股票,6
NXPI股票,6
苹果（AAPL）,8
英飞凌科技,6
罗伯特·博世有限公司,6
AVGO,6
维韦克·阿亚,4
ASML控股,6
Siebel,3
Copilot,11
Rao,164
LLMs,164
Siebel的观点,3
股价上涨,7
中央处理器（CPU）,1
云服务,1
太空卫星议题,2
富豪马斯克,165
松绑太空火箭发展,165
富邦科技,2
NVIDIA的销售,0
GPU产量配额,15
Oracle,15
对中国芯片销售的限制,4
黄,166
领导团队的大规模聚会,166
黄自,8
布罗克利赫斯特,5
NeMo微服务,1
AI数据中心建设,1
市场的动荡,3
极紫外光刻机,0
桥水基金,1
C. C. Wei,2
大规模重组,3
内存业务,5
自主硅片开发,1
芯片限制,0
Lisa Su,8
MediaTek,2
丹·伊夫斯,11
人工智能内存芯片,1
人工智能内存芯片认证,1
设备出口,7
前总统,1
苏丽莎,8
新工厂,6
英特尔股票,0
黄文德,3
第三季度业绩,3
AI GPU的规模,5
人工智能革命,8
城堡投资,8
城堡投资的对冲基金,8
英特尔设计公司,5
中国商务部发言人,0
国际贸易秩序和规则,0
中国的技术增长,7
斯科夫,0
国际贸易秩序和规则”,0
贸易紧张局势,3
技术,3
国内先进芯片的生产,7
国内先进芯片的生产量,7
吴诚文,7
佛罗里达州,5
特朗普获胜,167
中国股市,167
石原伸介,2
法国,3
Mistral AI,3
优步(Uber),38
阿提夫·马利克,8
伊夫斯,0
苹果计划,0
萨科纳吉,5
马利克,5
托尼·萨科纳吉,5
Llama 4,11
Ellison,11
访问,0
中国对台湾,0
台湾民主政府,168
军事活动,168
台湾总统办公室,4
夏威夷,4
南希·佩洛西,5
希腊,169
6天工作周,169
与台湾的“统一”,12
Lori Huang,1
马修·哈里根,170
Sirius XM,170
向前拆分,3
罗森布雷,1
国内高端芯片制造,7
克里斯托夫·福科,0
贸易限制,7
罗根,7
彭博商业周刊,4
芯片法,4
胜利,4
基金艾略特管理公司,16
人工智能“泡沫”,16
实施芯片限制,0
台股,171
高价股,171
SMIC,0
5G功能,3
广达,21
AI 题材,21
三大法人,21
和硕,21
纬颖,21
纬创,21
英业达,21
晟铭电,19
机壳族群,19
健策,19
散热族群,19
AI 伺服器,19
双鸿,19
奇𬭎,19
Sam Altman,1
华为技术公司,0
本地 AI 芯片,0
杰恩森·霍恩,172
假新闻,172
亚利桑那州皮奥里亚,9
科技行业,13
新特朗普政府,70
实行关税,70
人工智能芯片出口,7
可能实行关税,70
奈飞公司摩根大通,173
2025年收入增长,173
高盛集团,71
埃多阿尔多·拉瓦,71
马尔科·帕塞托,71
伊莱克斯管理公司,16
伊莱克斯,16
AI能力,15
争夺AI霸权之战,15
卡罗尔·舍利,1
CHIPS法案交易,7
“主权AI”,1
AI开发,1
瑞银,0
安迪·雅西,11
AI方面的支出,11
资本支出,11
全球供应链中断,5
订阅服务,5
Spotify,10
欧洲联盟,83
网络安全实践,83
加利福尼亚州,5
青少年的健康问题,5
动视暴雪,11
加密系统,4
第9巡回上诉法院,5
詹姆斯·唐托,5
Snapchat,4
Epic诉谷歌案,5
纽约州,6
其云游戏能力,11
巴克莱银行,2
发展本地 AI 芯片,0
马科·鲁比奥,0
孟买,1
穆克什·安巴尼,1
达 GPU,12
香港,0
全球需求,6
ASE集团,6
埃尔比特系统公司,174
‘铁束’项目,174
自制芯片组,3
华为技术,0
中国的地位,4
伊利亚·苏斯克维克,175
传统AI扩展方法,175
IBM,6
当地芯片生产,0
黑韦尔产量,1
《南华早报》,1
Ascend芯片系列,0
AI工厂,1
华盛顿特区,1
AI峰会,1
Gaudi 3,5
AI时代,1
克里斯·摩里斯,176
沃尔玛,176
约翰·埃尔坎,7
政治报复,7
卡洛斯·塔瓦雷斯,7
尼拉杰·阿格加瓦尔,72
TED演讲,72
艾丽卡·米哈埃利,177
里奇·艾森,177
里德·霍夫曼,7
阿格加瓦尔,72
詹姆斯·唐纳托,5
塞西恩·布贝克,51
ChatGPT,51
Android 15,5
加利福尼亚州地方法院,5
对冲基金,8
中国共产党,178
自治民主,178
台湾国科会,179
吴政忠,179
即将上任的政府,1
SemiWiki论坛,2
纳斯达克交易所,180
超级微,180
芯片的制造能力,1
社会并革命化经济,32
5G革命,3
设备更换周期,3
AI解决方案,3
伊朗石油设施,8
联邦CHIP,4
先进封装产能,2
吉姆·克ramer,6
比特币,0
加密货币价值,13
新黑尔沃平台,1
Gartner,26
用户体验,26
李·布·坦,3
欧盟最高法院欧盟法院,3
俄亥俄州利克辛县,181
合同芯片制造业务,181
区域研究项目,3
欧盟委员会,3
黑韦尔的生产,3
掩膜更换,1
资金,1
黑韦尔,3
国际贸易秩序,0
Schouf,0
ASMNL公司,0
中国技术增长,7
马里兰州罗克维尔,182
Ceva,182
台湾公司,0
人工智能营销初创公司,4
芯片融资,0
芯片制造,1
Doug Kass,73
辉达股价,73
阮慕骅,183
辉达的财务表现,183
Kass,73
CES会议,1
RTX 50系列芯片,1
AI机器人应用,1
Jackson,1
Lipacis,1
总统特朗普,1
CHIPS激励计划,4
硅工业精密工业公司,6
区域市场的增长,4
设备的效率,6
开发3D芯片封装,3
极紫外光刻技术,0
林丽君,7
台湾新北市,2
中国网络安全部门,3
凯伦·弗雷菲尔德,1
拜登规定,1
内德·芬克尔,1
杰米·弗雷德,1
新出台的拜登规定,0
芬克尔,0
全球人工智能芯片出口,0
克里斯·桑德斯,12
Jim Keller,1
北美,4
AI需求,0
出口管制的使用力度,0
QCi代工厂,0
巴伦,2
Tim Beyers,30
Dylan,30
Tim,30
安迪·杰西,30
业务的成本结构,30
下一代内存芯片的交付,1
道琼斯指数公司,1
人工智能芯片市场,1
大规模的 AI 投资,1
中国商务部,45
新规,45
杰克·沙利文,4
AMD公司,0
来自中国,4
中国实体,7
QCi代工,0
NVDA股票,5
科特勒管理公司,1
圣克拉拉,184
人工智能（AI）革命,184
星巴克(SBUX),185
复苏业务,185
对高端技术出口的限制,0
吴志文,7
下一代内存芯片,1
交易员,0
加密货币,0
顺盛,3
林恩伊,22
美台伙伴关系,22
APEC领导人会议,22
就业机会,6
丹尼尔·克里登布林克,22
林建恩,12
秘鲁,22
安东尼·布林肯,22
军事活动对现状,12
布林肯,22
关系,0
国内芯片制造能力,0
约翰·里佐,1
B200芯片,1
青少年的心理健康问题,5
网络安全措施,83
Clark Tang,1
知名YouTuber,186
他祖母,186
热门YouTuber,43
他的祖母,43
YouTuber,43
心房颤动,43
苏丽,11
AI交易,11
CEO苏丽,11
所有的支出,11
黄 Jensen,11
Elliott,16
D. E. Shaw,3
对Broadcom,3
崔泰源,1
SK集团,1
HBM存储系统需求,1
乔丹·克莱恩,0
公共资金问题,0
电力需求,2
中国芯片技术发展,6
骁龙8 Gen 4,15
德鲁肯米勒,7
科塔韦管理公司,74
斯坦利·德鲁肯米勒,74
叶一帆,1
销售额,1
韩国政策制定者,187
市场份额,187
封装业务回流,0
亚马逊公司,188
AI开发工具,188
富瑞,0
晶片实施出口限制,0
对华为,0
福凯,14
芯片需求下降,14
纳维塔斯,8
其流通股数量,8
埃德·伊格尔金斯基,1
AI技能培训项目,11
全球贸易政策,0
AI成本,50
苹果人工智能,5
克里斯托夫·福奎,14
福奎,14
郭,14
彭博科技峰会,14
政策变化,6
英伟多,6
约瑟夫·穆尔,1
于伊齐,2
新出口管制措施,0
Son,1
新德里,8
蔡锦岳,8
全球供应链,12
芯片激励计划,12
任天堂,0
上分辨率技术,0
AI辅助上分辨率功能,0
Schafer,1
微芯片制造设施,0
Mark Kelly,0
莫塞斯曼,1
应用材料管理层,1
需求环境,1
纳维塔,8
杰西·利文森,10
旧金山,189
GitHub年度会议,189
奥利维亚·威尔德,7
中国芯片进步,14
中国芯片技术进步,14
尼日经济日报,5
拉乌莉·李,5
印尼,9
东南亚,9
荷兰政府,0
中国出口,0
贸易争端,0
不断升级的贸易争端,0
ASML光刻,4
莫塞曼,1
台湾交通部,190
高速铁路服务,190
总统赖清德,0
民众,0
中央气象局,25
台风,25
台风警报程序,25
植瑞浩,0
《日经新闻》,0
中国的芯片能力,0
中国消费芯片生产,0
石岛宏,0
陈南翔,75
能力,75
行业影响,75
瑞士,191
21%,191
芯片禁令,0
年销售额增长,1
AI硬件市场,1
杜克内家族办公室,74
苹果智能,5
计算机芯片制造,0
2.4%,9
金砖国家领导人峰会,10
国际能源署（IEA）,4
金砖国家,10
基特里塔·纳兰邦,192
政治压力,192
国际货币基金组织,10
90万桶/日,4
布巴内斯瓦尔,193
古尔辛·库尔,193
陈智ncy明-琪,14
Synovus Tr,3
CoWoS-L的需求,8
吉姆·克拉默,1
詹森·霍克,194
分析师,194
贝丝·肯迪格,1
利率下降,5
Blackwe,1
Susan Li,195
基础设施开支,195
国防部,4
台湾中央气象局,25
高美,25
汉光军事演习,4
江文晏,196
台风高美,196
福建省东南部,25
G42,0
司法部,11
G42的业务往来,0
人工智能用例,1
国内芯片产量,7
荷兰芯片制造商,0
2025年展望,0
“晶圆上系统-X”,2
AI性能,3
电源管理,3
生产率,8
康迪和Crame,1
国内生产水平,4
陈其迈,2
2纳米厂进机典礼,2
中国军事公司,0
黄伟森,1
库里斯,1
布莱恩·库奇,8
奈德·芬克尔,0
拜登政府规则,0
全球创新和经济增长,0
卡伦·弗里菲尔德,12
达里奥,29
东京官员,0
东京,0
若东京,0
东京电子公司,0
日本官员,9
丰田汽车,9
丰田,9
新芯片园区,9
中国高级官员,0
限制第二大经济体,0
日方官员,0
中国威胁若东京,0
数据中心生态系统,1
美法,4
共和党全国委员会,1
总统拜登,1
企业所得税减免政策,1
现实,5
美中贸易,3
对英特尔的调查,3
中国的网络安全协会,3
欧洲央行,0
马尔克·里帕西,33
乔恩·莫厄尔,33
PC客户端细分市场,1
选民,4
反垄断诉讼,0
唐·克拉克克,4
唐·克拉克,3
安娜·斯万森,7
英特尔芯片补贴,7
史蒂夫·洛赫,4
保罗·莫兹厄,7
特里普·米克尔,7
特朗普的关税,0
亚历山德拉·斯蒂文森,7
经济安全,9
费拉古,11
特朗普竞选团队,2
哈里斯加,2
广告技术市场,0
共和党参议院,4
关税计划,4
实施高关税,4
并购,11
马特·弗兰凯,76
《魔力之友》,76
图形处理器（GPU）,1
佐治亚州,197
Publix超级市场,197
伯克希尔哈撒韦,76
苏珊娜·斯特雷特,3
高质量充分就业,12
伊朗最高领袖,8
哈梅内,8
道达尔集团,0
英国财政大臣,198
举债力度,198
财政刺激计划,0
花旗,199
特朗普胜选,199
总统大选投票日,0
民党,9
日本政局,9
中国股市高盛,0
敌人,8
中国人民银行,77
买断式逆回购,77
总统大选投,0
自民党,9
彼得·蒂尔,4
联邦赤字,10
马克斯·扎克伯格,10
狗狗币,10
联邦赤字的影响,10
过热问题,1
开发进度,1
杰西·利弗莫尔,1
股价的上涨,1
高通（QCOM）,1
英特尔（INTC）,1
Amy Hood,10
台湾和德国官员,6
罗杰·摩尔,200
Switch销售预期,200
稻本昭文,201
TIE联盟,201
联邦贸易委员会,11
威廉·海利,11
《大众理财顾问》,11
约翰·麦基,11
巴伦杂志,11
阿里巴巴集团,11
对美贸易紧张关系,6
史蒂夫·乔布,5
东京电子有限公司,23
此措施,23
阿斯麦有限公司,23
新的限制措施,23
股东们,10
特拉华州法院,202
薪酬批准,202
天风国际分析师郭明𫓹,203
上诠,203
清水洋治,0
中国的技术创新,0
彼得·科汉,78
津斯纳,78
丽尔·埃斯特拉达,78
格雷格·麦克凯纳,204
《CFO每日》,204
弗兰克·耶利,3
其云业务,5
格伦维视资产管理公司,205
CVS健康,205
罗伯特·派维克,1
奥斯坦·古尔斯比,13
罗伯特·帕维尔,1
市场科技股上涨,1
芝加哥联邦储备银行,206
奥斯坦·古尔斯,206
特朗普内阁,1
放宽对中国市场的禁运,6
Hopper GPU,0
布莱恩·库斯蒂,1
中国官员,0
本土企业,0
旧金山年度云大会,26
拜登政府官员,4
欧盟官员,4
内德·费克林,0
泰德·克鲁兹,7
民主党政府,4
新规定,4
中美贸易政策,7
罗得岛州,207
奥布赖恩,207
约翰·纽佛,0
JPMorgan,5
1999年上市,1
洛丽·黄,1
AI 总览,26
斯万,3
雷内·哈斯,208
Arm完成了IPO,208
高带宽存储器,20
Barrett,2
巴塞罗那足球俱乐部,209
EBC,209
国内经济增长,0
商务部发言人,0
加强出口管制,6
Expedia集团,210
2020年COVID,210
卓伊,3
日本银行,0
迈克尔·哈滕内特,5
华尔街,3
罗伯特·帕维克,1
达科他财富公司,1
特朗普内阁任命,1
帕维克,1
洛克希德,15
旗舰级晶片,3
天玑 9400 系列,3
天玑 9300,3
天玑 9500 系列,3
马克·库班,211
电视未来演变,211
蔡希奇,4
全面实施进口关税,4
黄耀民,4
水利署,212
干旱,212
水资源限制措施,8
芯片制造中心,8
对华出口限制,0
“高质量发展”,12
广汽Aion,63
共产党,213
第三次全会,213
克里斯托弗·沃勒,2
现房销售更新,0
美联储官员,13
经济复苏,12
共产党第三次全会,0
经济学教授,10
EUV层的数量,48
EUV,48
澳门,0
共和政府,4
伟达,7
蕾切尔·里维斯,6
施米德,79
降低利率,79
米歇尔·鲍曼,214
上月的利率下调,214
杰夫·施米德,79
暂停购买国债,77
索尼,3
AI硬件专家,1
伍德,10
国政府,7
娜特莉·奎廉,0
唐纳·特拉弗斯,3
思科投资,1
AI投资基金,1
通胀反弹,13
证券交易委员会,10
Zepbound,0
蒂姆·温特沃斯,10
瓦克里斯,14
销售,13
Ozempic,0
沃尔格林,13
伦·瓦克里斯,14
克里斯坦诺·阿蒙,6
3纳米芯片,2
高盛全球研究部,1
商务部官员,1
工业与安全局,1
《使命召唤》,7
蒂姆·贝尔斯,17
里基·穆尔维,17
布莱克威尔系统,17
量子计算,17
《智慧投资者》,17
CEO乔治·库尔兹,17
网络安全社区,17
癌症登月计划,7
. 蒂姆·贝尔斯,17
7.4级地震,2
埃德·康威,31
技术供应链,31
斯普鲁斯·比恩镇矿场,31
斯普鲁斯·比恩镇,31
建筑物、道路和桥梁,31
唐纳德·特朗普的胜利,0
芯片制造商的主导地位,7
“政府效率部”,10
墨西哥运营,4
Intel制造质量,5
江仁龙,0
全面进口关税,4
贸易政策,0
日本日本,215
日元,215
褐皮书,13
高端芯片对华出口限制,0
台湾积体电路制造,8
可再生能源供应,4
弗雷德·卡利讲席教授,0
德累斯顿,216
捷克共和国,216
德累斯顿工厂,6
Netflix,217
数字广告业务,217
GPU市场,3
Jim·克ramer,5
服务时间,1
保守派,11
米勒,8
李光耀,54
Paik June,218
发布RNGD,218
FuriosaAI,6
加州圣克拉拉,6
Qualcomm,6
马克·贝尼奥夫,11
霍尔,1
《纽约邮报》,1
人工智能成本,0
反垄断审查,0
弗朗西斯科·维拉塞克,219
Quartz,219
蒂姆·温特沃思,10
布鲁斯·吉尔,0
Wegovy,0
IEEE,80
约翰·鲍尔斯教授,80
威廉·王教授,80
罢免盖尔辛格,1
延迟,1
奥利·琼斯,6
Sondrel,6
安永,220
管理层治理和透明度,220
Harris,221
微软到亚马逊,221
B轮融资,0
A轮融资,5
Skyquest,7
詹姆斯·多纳托,5
马克·古尔曼,5
特朗普整个关税计划,0
古尔曼,5
关税豁免,5
关税提议,4
苹果新政府,10
美联储降息,222
消费者行为,222
pacis,1
阿哈迈德·库韦蒂,44
我们,44
库韦蒂,44
阿美,44
亚瑟尔·鲁迈延,223
沙特主权财富基金,223
汤姆·西尔,224
壳牌,224
萨姆塔·卡普尔,225
产量的最佳钻井速度,225
Mobilint,8
REGULUS,8
Andrew Ng,8
申洞周,8
布莱恩·库斯,1
中美科技战,9
Fire,12
史蒂芬·斯奎里,0
AI活动,2
ESPN和播客服务,6
平均售价内容的增长,1
AI CPU,3
AI增强功能,3
移动计算能力,3
人工智能芯片行业,9
中国当局,12
乔瑟夫·莫尔,1
弗雷斯特研究所,1
台湾外汇监管机构,226
资本外流,226
志圣,81
买回库藏股措施,81
员工,81
新政策,45
人工智能行业成长,3
北京的技术进步,0
对芯片的管控措施,2
内华达州拉斯维加斯,4
消费电子展（CES）,4
全球竞争力,6
记者,2
约翰·内弗,0
《开放人工智能》,4
国际贸易规则,45
萨姆·阿尔特曼,51
阿拉伯联合酋长国,227
MGX,227
Bain & Co.,228
东南亚经济,228
人工智能（AI）应用,2
陈其迈市长,2
印度新闻通讯社,39
CXS,39
UCIe 合作组织,229
成员们,229
CHI-C2C,39
AXI-4,39
AXI-S,39
李约翰,230
Ansys,230
CDC,0
全球贸易,0
普遍关税计划,0
大卫·泰珀,231
阿普拉洛萨管理公司,231
Azure的增长,11
Blackwell卡,1
纬创资通董事长,232
Zettabyte,232
Lin Simon,233
全新人工智能数据中心,233
丹尼尔·埃夫斯,4
人工智能增强功能,5
人工智能投资基金,1
卡西·伍德,10
将x86,1
台积公司(Scmp),234
扩大的禁令,234
中国大陆的芯片设计业,1
德国慕尼黑,235
机器人研究,235
特朗普白宫,3
国内科技研究的投资,4
国内税收入,0
AnandTech,2
桑杰·梅霍拉特,236
Micron,236
官帕特·盖尔辛格,237
芯片制造商,237
詹森·霍顿,51
对中国技术的控制,0
新合同和成本削减,3
亨特·拜登,7
蓝领工人,4
霍华德·卢特尼克,0
国务院,238
乌克兰公司,238
人工智能工业革命,9
抵制活动,10
印尼网络攻击,9
新华社,12
宋正华,82
三星挣扎三星,82
克里斯蒂安·戴维斯,2
“能源革命”,12
能源革命”,12
创新驱动发展战略,12
稀土机会,12
邓小平,82
人工智能繁荣,4
贸易关税,4
理查德·弗莱克斯,13
路易·威登集团,6
Etched.ai,5
三菱UFJ金融集团,5
内地网民,34
外媒,0
小米（1810）,34
《北京卫视》,34
唐建国,34
